time after start (h),absolute grav (m/s^2)
0.0,9.805951
1.5,9.805952875000001
3.0,9.80595475
4.5,9.805956625
6.0,9.805958500000001
7.5,9.805960375
9.0,9.80596225
10.5,9.805964125000001
12.0,9.805966
13.5,9.805967875
15.0,9.805969750000001
